{
  "window_size": 24,
  "input_dim": 11,
  "hidden_dim": 64,
  "num_layers": 2,
  "dropout": 0.2,
  "batch_size": 32,
  "learning_rate": 0.001,
  "epochs": 100,
  "best_epoch": 99,
  "seed": 42,
  "device": "cpu",
  "scaler": {
    "type": "StandardScaler",
    "mean": [
      130.99640034863452,
      130.98738524113887,
      130.90341080766996,
      130.99917987880798,
      9.074597811809188,
      -0.002131590664620192,
      0.00028062923483116673,
      -0.003965424395858684,
      -0.01476241063737097,
      15.077861708309122,
      2.9244625217896574
    ],
    "scale": [
      19.70697348606165,
      19.697528980985425,
      19.70282556827687,
      17.471855502379164,
      3.7885269700178505,
      0.7072952165445301,
      0.7069150261677123,
      0.707168119622105,
      0.7068801859096565,
      8.47286287542095,
      1.384352693888555
    ],
    "feature_names": [
      "lag_1",
      "lag_7",
      "lag_14",
      "rolling_mean_7",
      "rolling_std_7",
      "hour_sin",
      "hour_cos",
      "dow_sin",
      "dow_cos",
      "day_of_month",
      "month"
    ]
  },
  "normalization": {
    "method": "StandardScaler",
    "fit_on": "train_only",
    "description": "\u041c\u0430\u0441\u0448\u0442\u0430\u0431\u0438\u0440\u043e\u0432\u0430\u043d\u0438\u0435 \u0432\u044b\u043f\u043e\u043b\u043d\u0435\u043d\u043e \u043d\u0430 train, \u0437\u0430\u0442\u0435\u043c \u043f\u0440\u0438\u043c\u0435\u043d\u0435\u043d\u043e \u043a val \u0438 test"
  }
}