experiment_id,dataset,seed,best_val_accuracy,best_val_loss,epochs_trained
E1,KMNIST,42,0.8440148305084746,0.4974444488347587,20
E2,KMNIST,42,0.8445003531073446,0.4579254575705124,20
E3,KMNIST,42,0.848340395480226,0.4590654996997219,20
E4,KMNIST,42,0.8494879943502824,0.45960390702479303,10
